{
  "lyrics": "...",
  "album_info": {
    "url": "https://www.last.fm/music/Queen/Innuendo",
    "image": "https://lastfm-img2.akamaized.net/i/u/300x300/b56adcd16ca6454498981a8470a3ec06.png",
    "wiki": {
      "summary": "Innuendo is a 1991 album by English rock band Queen...",
      "full": "Innuendo is a 1991 album by English rock band Queen. It is the band's fourteenth studio album and the last..."
    },
    "tracks": [
      {
        "title": "Innuendo",
        "length": 392,
        "url": "https://www.last.fm/music/Queen/_/Innuendo"
      },
      {
        "title": "I'm Going Slightly Mad",
        "length": 247,
        "url": "https://www.last.fm/music/Queen/_/I%27m+Going+Slightly+Mad"
      },
      {
        "...": "..."
      }
    ]
  },
  "artist_info": {
    "url": "https://www.last.fm/music/Queen",
    "image": "https://koel.yourdomain.net/img/artists/5a772708e7de19.84120679.png",
    "bio": {
      "summary": "Queen were an English rock band...",
      "full": "<br />\nQueen were an English rock band originally consisting of four members: vocalist Freddie Mercury, guitarist Brian May, bass guitarist John Deacon, and drummer Roger Taylor..."
    }
  },
  "youtube": {
    "kind": "youtube#searchListResponse",
    "etag": "\"XI7nbFXulYBIpL0ayR_gDh3eu1k/UMIztE1sQ8L9tu7igiTaSoBA9tw\"",
    "nextPageToken": "CAoQAA",
    "regionCode": "CH",
    "pageInfo": {
      "totalResults": 1000000,
      "resultsPerPage": 10
    },
    "items": [
      {
        "kind": "youtube#searchResult",
        "etag": "\"XI7nbFXulYBIpL0ayR_gDh3eu1k/bRRI2oEvvXIbCBFKv8WrLUaG-0A\"",
        "id": {
          "kind": "youtube#video",
          "videoId": "t99KH0TR-J4"
        },
        "snippet": {
          "publishedAt": "2013-10-15T14:24:31.000Z",
          "channelId": "UCiMhD4jzUqG-IgPzUmmytRQ",
          "title": "Queen - The Show Must Go On (Official Video)",
          "description": "Subscribe to the Official Queen Channel Here http://bit.ly/Subscribe2Queen Taken from Innuendo, 1991. Queen - The Show Must Go On (promo video, 1991) ...",
          "thumbnails": {
            "default": {
              "url": "https://i.ytimg.com/vi/t99KH0TR-J4/default.jpg",
              "width": 120,
              "height": 90
            },
            "medium": {
              "url": "https://i.ytimg.com/vi/t99KH0TR-J4/mqdefault.jpg",
              "width": 320,
              "height": 180
            },
            "high": {
              "url": "https://i.ytimg.com/vi/t99KH0TR-J4/hqdefault.jpg",
              "width": 480,
              "height": 360
            }
          },
          "channelTitle": "Queen Official",
          "liveBroadcastContent": "none"
        }
      },
      {
        "...": "..."
      }
    ]
  }
}
