[
  {
    "id": 13,
    "name": "Ballads",
    "rules": null,
    "is_smart": false
  },
  {
    "id": 17,
    "name": "Brand New Tracks",
    "rules": [
      {
        "id": 1543242741773,
        "rules": [
          {
            "id": 1543242742767,
            "model": "interactions.play_count",
            "operator": "is",
            "value": [
              "0"
            ]
          }
        ]
      }
    ],
    "is_smart": true
  },
  {
    "id": 12,
    "name": "Great Solos",
    "rules": null,
    "is_smart": false
  }
]
